Code;Name;Id;Phone;Email;Street;Number;Zip Code;City
1;Mary Hansen;26985430490;8688599761;dobey@optonline.net;Deer Park Yard;28;28007;Kilberry
2;Megan Turner;90722437060;7972201651;mmccool@sbcglobal.net;Upland Haven;11;10598;Falkirk
3;Sarah Carr;62148900130;7974331963;dkasak@att.net;Fleming Cedars;333;25271;Argenta
4;Charles Lewis;16098379335;6278429846;pdbaby@aol.com;Wheatfield Acre;184;33023;Durstrick
5;Timothy Martinez;16171861916;9226834333;dbindel@gmail.com;Shardeloes Road;110;10954;Avarel
6;Débora Aline;62934088759;5924320572;dalamb@comcast.net;Top Pingle Close;248;79083;Mylaerla
7;Mark Davies;22965996623;2495230762;ganter@icloud.com;Thornfield Lea;34;78154;Eloimaya
8;John Marquez;14877156154;4795320407;ozawa@me.com;Central Alley;43;90045;Daewynn
9;Lisa Bell;92145158864;2772967140;wkrebs@att.net;Aylesbury Acre;330;94549;Zarrug
10;Latasha Robinson;88421495688;2939077603;tlinden@mac.com;Park Side;318;30213;Vezgaxur
11;Joseph Howard;98152408531;4108067810;violinhi@msn.com;Haig Top;22;12547;Selenium
12;William Acevedo MD;85927821981;5167180626;hllam@yahoo.ca;Hillfield Lodge;317;12770;Johanan
13;Fred Rodriguez;48823325519;8793331324;ullman@outlook.com;Copse Causeway;42;68026;Ardes
14;Andrew Garcia;12292125210;5073636617;ryanvm@verizon.net;St Thomas Parkway;93;4225;Lagrasse
15;Todd Campos;93469002560;2928340937;ylchang@comcast.net;Belton Mill;169;55777;Hagenow
16;Kelly Murray;91434309060;6937923692;jkegl@mac.com;Copse Gait;310;49077;Moussant
17;Tonya Combs;55037805835;9089885461;frode@aol.com;Eastwood Gardens;322;74522;Mylaerla
18;Michael Tate;97518468536;3348888454;fviegas@verizon.net;Morris Hills;124;49458;Ghonumi
19;Robert Maddox;47651639346;6644438875;library@gmail.com;Pasture Drift;106;79526;Ikrel
20;Felicia Robles;50258422137;2576143624;jaarnial@gmail.com;Edinburgh Laurels;330;65711;Lyco
21;Kimberly Foster;73895488583;2569872144;crusader@comcast.net;Wentworth Limes;216;30065;Numeria
22;Shannon Frazier;87290676669;9143736291;sblack@live.com;Mallard Mill;277;18631;Naroa
23;Angela Hart;11498024476;3713596876;sjmuir@comcast.net;North Quadrant;169;32340;Valenzuela
24;Lisa Brooks;95953603007;6007305725;rsteiner@verizon.net;Haydon Way;87;73544;Costin
25;Derrick Ross;93591919621;9773516942;uraeus@yahoo.com;Swallow Court;72;49403;Mallaig
26;Erica Solis;29091369523;4855885764;mpiotr@mac.com;Westminster Mount;161;47136;Tarbent
27;Debra Wade;42495951543;3412767514;mnemonic@sbcglobal.net;Hutton Lawns;260;77831;Bamburgh
28;Andrew Holt;42452140089;2037729163;dawnsong@outlook.com;Lark Bridge;283;46857;Ravensburg
29;Andrew Taylor;40873852379;6113858464;staffelb@outlook.com;Lansbury Warren;315;98031;Zalewo
30;Anita Rodriguez;30929774542;6526849068;jguyer@yahoo.ca;Wisteria Drive;2;58712;Khudurra
31;Marilyn Taylor;65308829162;5873476319;noodles@verizon.net;D'arcy Close;194;53140;Naesala
32;Jonathan Miller;95558848350;6802672307;mgreen@yahoo.ca;Shearwater Close;323;84638;Gweyir
33;Jerry Foster;88277273338;4947613418;miami@live.com;Frederick Orchards;220;78564;Ghitraedh
34;Jessica Juarez;58509656844;7278549108;scato@sbcglobal.net;Wervin Close;1;61240;Nabsirth
35;Brittany Hardy;74518913463;2419436228;parasite@yahoo.ca;Westgate Rowans;243;18017;Nuzairzad
36;Zachary Gutierrez;54358809673;5497414858;sharon@live.com;Hook Sidings;120;17078;Yadir
37;Nathan Clark;45065233115;7812126413;fbriere@outlook.com;Dryden;245;54480;Lagrasse
38;Miguel Santos;56391526785;4657676258;treit@msn.com;Walton Glen;102;36445;Emden
39;Julie Mayo;15709377231;5845243602;dimensio@icloud.com;Belle Vue Woodlands;54;16939;Lotrotum
40;Alex Weaver;61411842610;8713001819;akoblin@msn.com;Parsons Pastures;22;40730;Lyari
41;Michael Meyers;43401836786;9209032333;zeitlin@gmail.com;Cocktree Throat;15;96052;Ilythyrra
42;Mary Stewart;87736236291;4266174919;rbarreira@optonline.net;Wykeham Lane;126;70094;Cralnes
43;Isaac Dixon;99594650278;6235121580;hoangle@hotmail.com;Gipsy Glebe;314;33742;Thimriur
44;Jennifer Fischer;94420959637;2378837170;ajohnson@sbcglobal.net;Hopton Quadrant;71;38680;Falvula
45;Jonathan Moore;28146476136;8916942960;mfburgo@yahoo.ca;Hobart Street;148;36871;Dhiashrir
46;Caitlyn Clark;56670701106;2633712357;phizntrg@gmail.com;Pond Glade;231;41264;Nonius
47;Dawn Bowen;78988608025;2782215811;microfab@icloud.com;Crofton Mews;160;61604;Yadir
48;Traci Cooper;24336704677;9963423722;jbarta@aol.com;St Marys Rise;40;37927;Ragnfast
49;Cheryl Johnson;73161258919;9139131562;scottlee@msn.com;Lindisfarne Hawthorns;125;1115;Kilaebela
50;Tracey Kline;85668203678;2425880815;goresky@icloud.com;Le Tunder Close;144;32821;Ciliren
51;Nicholas Perez;84472101063;3885430880;engelen@aol.com;Muscade Close;17;14085;Alenia
52;Kimberly Williams;36391435774;5828803831;nacho@msn.com;Lennox Field;217;29720;Gweyir
53;Shannon Nelson;11459907229;8767144996;fmerges@yahoo.com;Ramsay Cliff;191;64423;Ciliren
54;Charles Hoffman;13045875946;8343065223;emmanuel@msn.com;Lincoln Wynd;264;16258;Ikrel
55;Evelyn King;17002451408;7418209741;thassine@mac.com;Sham Castle Lane;54;77380;Ghitraedh
56;Michael Larson;73880769156;5754247469;stakasa@verizon.net;James Passage;89;57714;Falvula
57;Luis Martinez;67719272326;6154909558;szymansk@yahoo.com;Saffron Lawns;115;71701;Sarkalli
58;Gregory Williams;64605544684;6959340871;tubesteak@optonline.net;St Thomas Boulevard;38;1931;Isatis
59;Joseph Lambert;13917096632;2373747800;peoplesr@me.com;Walkmill;304;35670;Valenzuela
60;Nathaniel Figueroa;83537447193;8999024401;lridener@gmail.com;Kelly Way;60;94240;Grima
61;Jordan Henderson;72160378236;7828063838;pmint@mac.com;Woodbury Loke;227;24593;Rovigo
62;Daniel Sharp;33961306811;8647929878;jbailie@live.com;Colchester Drive;262;49320;Kilaebela
63;Steven Coleman;38819727426;7577807099;vganesh@aol.com;Dock Yard;4;93140;Bedwistr
64;Larry Carter MD;16484731036;5364848208;flaviog@yahoo.ca;Woodlea Reach;243;21798;Tummoserd
65;Yesenia Williams;69573747547;3103514607;pgottsch@yahoo.com;Main Isaf;134;56649;Naesala
66;Michael Jefferson;22168768284;2889463813;jlbaumga@comcast.net;Hall Farm Parc;37;61377;Amisra
67;Valerie Castillo;33364741741;2837169588;smpeters@verizon.net;Coppice Parade;308;46704;Daewynn
68;Mrs. Sherri Kane DVM;17624466430;3753185044;british@att.net;Fair Lawns;191;48823;Oglekh
69;Phyllis Owens;31364417177;7386485589;maratb@yahoo.ca;Paxton Quay;53;28006;Mairi
70;Dr. Kim Marquez MD;94453585264;7479087268;amcuri@mac.com;Rigmuir Road;146;19148;Lysidamus
71;Regina Meyers;25956887091;6387689143;rogerspl@verizon.net;Long Street;77;71024;Costin
72;Christine Miller;34712230718;2789842333;bryanw@comcast.net;Cairn Circus;223;6763;Sulveig
73;Robert Smith;36755325400;6193966764;haddawy@me.com;Whitewood Lane;166;77518;Montrose
74;Juan Whitaker;80604103666;6995895796;boser@hotmail.com;Burton Alley;222;18411;Bhaggana
75;Michael Schmidt;36769707398;2208832309;karasik@yahoo.com;Colwick Grove;318;72845;Ciliren
76;Steven Avila;99117879954;3267607711;dmath@live.com;Dorrit Crescent;289;12029;Ciradyl
77;Kyle Richards;73112583800;8203421871;purvis@icloud.com;Brecon Approach;62;91214;Ghitraedh
78;Stephanie Cook;54604318511;3257139666;kludge@me.com;Sunnybank Heath;39;16553;Jorkarith
79;Benjamin Mullins;16452422722;6097326655;slaff@live.com;Mountbatten Cottages;176;21222;Rolmuth
80;Valerie Saunders;50487199121;7434874048;rnelson@comcast.net;Bideford West;193;62872;Vezgaxur
81;Cassandra Miller;97822462867;5235446973;bsikdar@msn.com;Morris Cliff;69;24529;Lambrelli
82;Kenneth Knapp;23391860604;7626759111;ubergeeb@comcast.net;Lawson Park;202;72679;Cezar
83;Karen Ward;71576240836;6338593673;dbindel@msn.com;Fairlead;96;37888;Johanan
84;Molly Norman;54996300788;8082340070;mjewell@icloud.com;Lee Strand;283;49730;Grima
85;Jessica Rivera;68454965328;8833814256;paley@outlook.com;Midmar Gardens;267;35461;Tarbent
86;Jordan Perkins;98480769578;7532836560;smartfart@outlook.com;Ivy Cross;255;41562;Montrose
87;Jean Myers;83246523093;2206659466;amaranth@optonline.net;Corbett East;317;28303;Zalewo
88;Sheila Rice;97139405601;2964431395;jadavis@hotmail.com;Raven Scroft Drive;62;32948;Grungroick
89;Patrick Martin;80683077063;4015374380;knorr@verizon.net;Rowell Street;113;79549;Bhaggana
90;Jared Peterson;65613714438;4775427626;linuxhack@sbcglobal.net;Thornhill Parade;185;93301;Saragar
91;John Lloyd;18383375709;8243127330;yfreund@yahoo.ca;Greenacres Newydd;155;66027;Vezgaxur
92;Joseph Cole;38084036490;6969027811;wsnyder@live.com;Lunnfields Lane;281;63386;Lambrelli
93;Anthony Howard;27350268548;8853746686;murdocj@att.net;Spencer Yard;151;73059;Sarkalli
94;Michael Snyder;16980069807;8604429322;juerd@hotmail.com;Whitworth Willows;91;67147;Athaneli
95;Frank Malone;63220807784;5343383028;darin@msn.com;Morris Hey;74;59338;Lyco
96;Emily Silva;51435972318;6043703488;cderoove@msn.com;Hill Foot;135;77904;Velkan
97;David Williams;13131458594;5704691392;afeldspar@yahoo.ca;Grimmer Lane;313;85336;Mallaig
98;Heather Montgomery;13349805962;6754897587;chaki@sbcglobal.net;Lawn Croft;48;77082;Issoire
99;Adam Sweeney;90913321813;9633799438;jfmulder@hotmail.com;Colchester Square;102;56156;Zalewo
100;Shannon Waters;98592539474;9503306739;dmbkiwi@att.net;Sandiway Bank;163;80007;Belshoy
101;Lisa Decker;72903748298;9364698200;symbolic@live.com;Coltsfoot Brook;226;85074;Nozulmi
102;Michael Fox;98799344317;7003386145;kewley@sbcglobal.net;Lots Road;253;30521;Kilaebela
103;Gary Nelson DDS;68948796003;9802424133;mhassel@att.net;Ledbury Close;236;60639;Bhaggana
104;Melissa Parsons;69351534837;7035230668;arnold@aol.com;Connaught South;92;37350;Shaerra
105;Michael Hanson;40494148428;9203889400;kiddailey@hotmail.com;Neil Fox Way;242;44017;Uvnume
106;Cheryl Mejia DDS;11093911794;5072102320;yfreund@comcast.net;Knights Hey;258;75023;Selenium
107;Bobby Kent;15997674542;7255572405;dkasak@msn.com;Danes North;296;38855;Yadir
108;Blake Neal;97370291674;5199787027;fviegas@msn.com;Hampstead Grove;93;49680;Ragnfast
109;Michael Charles;93839246712;6898626142;doormat@mac.com;Blythe Hollow;329;76797;Falkirk
110;Linda Warren;84151053345;4585942239;johnh@sbcglobal.net;Glenburn Walk;111;38833;Humber
111;Casey Contreras;29832657896;7323868511;tezbo@gmail.com;Heston Grove;160;84521;Parthenay
112;Anna Hill;83725479305;9906934343;world@gmail.com;Elm Fold;144;19612;Crissolo
113;Jessica Daniels MD;58599629018;9409177208;anicolao@gmail.com;Roe Gardens;3;13332;Hagenow
114;Ian Garcia;29363193399;8082337001;squirrel@outlook.com;Holcombe Fairway;171;55104;Rodograd
115;Denise Williams;26394785140;7377582956;formis@att.net;Bryony Terrace;56;14863;Kilaebela
116;Michael Anderson;30990644629;3936031378;fmtbebuck@outlook.com;Newton Woodlands;74;66102;Renestrae
117;Jennifer Stewart;39658866435;7365791195;kjohnson@live.com;Rectory Cottages;17;12496;Benith
118;Brian Davis;88887176112;2564741994;sonnen@live.com;Knights Poplars;145;49707;Ghiraeldral
119;Robert Davis;43447141056;5473252320;dkasak@comcast.net;Wick Gait;139;39097;Rolmuth
120;Mark Nunez;23877115580;3772952787;barlow@hotmail.com;Alpha Mount;33;48816;Numeria
121;John Williams;11488102070;2655942299;mddallara@gmail.com;Convent Circus;197;30223;Parthenay
122;Vincent Collins;95437155641;3664974050;malvar@aol.com;Furlong Willows;320;48912;Marrees
123;Paula Gill;33001446944;9658134147;ralamosm@yahoo.com;Exchange Estate;191;18348;Pont-Ciel
124;Christopher Juarez;44314058556;3667924717;andrewik@aol.com;Montague Retreat;97;66830;Moussant
125;Angela Alexander;82503383816;5914350680;kildjean@hotmail.com;Brentwood Lea;310;22037;Baridmeth
126;Patty Compton;30915263254;7896828949;heine@mac.com;Sylvan Fields;149;47838;Durstrick
127;Ashley Tran;99041225425;2678071125;squirrel@icloud.com;Tylers Gate;239;73054;Urarfelin
128;Wendy Reed;64423215001;7954612147;tedrlord@aol.com;Gallus Close;69;14048;Eloimaya
129;Elizabeth Bush;96190563184;7702144433;amimojo@mac.com;Meade Grove;89;18601;Falvula
130;Paul Bass;22339299185;8838481978;skippy@yahoo.com;Moss Bank Park;239;72396;Pontia
131;Danielle Edwards;56024694201;8102055720;errxn@aol.com;Dale Barton;241;98199;Merino
132;Matthew Gray;35580294079;9462712921;jaarnial@att.net;Lynn Hall;114;51355;Vandrad
133;Amy Reed;85042491827;6545335742;tristan@comcast.net;Pearson Holt;41;77982;Derval
134;Joshua Sawyer;50816529050;6818336716;hermanab@live.com;Cunningham Ride;112;91804;Hagenow
135;Amy Brown;63717572901;4665353140;cremonini@msn.com;Kingston Links;308;32159;Durendreg
136;Brittney Moore;84348719902;7414257105;neuffer@att.net;Morris Wood;177;26270;Baridmeth
137;Brandon Hughes;54566704672;8115014050;mugwump@outlook.com;Pilgrims Down;255;57636;Eloimaya
138;John Rodriguez;43478649330;8734386148;stakasa@msn.com;Aylesbury Approach;125;95112;Palamin
139;Scott Garcia;48026974393;9643874339;noticias@mac.com;Robertson Fairway;88;5091;Daewynn
140;Robert Gross;88877103319;4877431152;rasca@verizon.net;Armstrong Coppice;30;87323;Thirdrol
141;Denise Martinez;87583042952;6547714841;parasite@icloud.com;Daniel Town;330;34772;Rolmuth
142;Thomas Salazar;33626471470;3447301273;srour@comcast.net;Avondale Courtyard;304;46147;Rellea
143;Brian Young;56086758410;3504348978;ateniese@sbcglobal.net;Crompton Heights;315;14897;Lyco
144;Ashley Andrews;24297893232;7975372239;yxing@me.com;St James's Mews;297;18853;Ragnfast
145;Nicole Deleon;66320630037;8969867394;bartlett@sbcglobal.net;Berkeley Royd;242;50308;Mallaig
146;Brent Salazar;25109461013;3568367962;doormat@sbcglobal.net;Duddon Way;212;63822;Bamburgh
147;Patricia Williams;74552580973;9916270002;yzheng@sbcglobal.net;Browns Crescent;75;65287;Ardes
148;Brandon Rios;13305562831;9347482018;sfoskett@yahoo.ca;Buxton Farm;237;29385;Narva
149;Joseph Pratt;52911261306;5218222085;jschauma@verizon.net;Victor North;281;62829;Eloimaya
150;Jacob Stone;39023930471;4456318102;madler@gmail.com;Carnoustie Gardens;5;32092;Lorathyra
151;Sheila Payne;21804828643;8062774485;wkrebs@yahoo.com;Forelle Way;89;82327;Ghonumi
152;Virginia Downs;34870846319;5929413294;wildixon@yahoo.ca;Daniel Vale;207;48747;Falvula
153;Jeremy Anderson;99241774765;7897251865;amaranth@optonline.net;Birmingham Ride;191;45475;Sarkalli
154;Sean Acosta;40736811578;2108582362;wetter@yahoo.com;Wallis Cliff;229;24243;Lyco
155;Allison Mosley;74772279157;9142260350;rfoley@verizon.net;Harrington Lanes;5;22716;Nonius
156;Richard Wilson;94508244511;8538947944;euice@live.com;Cartmel Courtyard;76;35469;Briones
157;Patty Allen;31183362143;7296942328;smeier@me.com;Tamar Woods;112;92359;Salen
158;David Shaw;24389877724;5979063888;njpayne@hotmail.com;Gallowhill Rise;286;17049;Ravensburg
159;Kerri Thompson;58214188611;6472826128;sharon@verizon.net;Matlock Lanes;128;43721;Hagenow
160;Robert Edwards;28556815085;8208039768;matthijs@sbcglobal.net;Brick Meadow;188;67277;Bhaggana
161;Debbie Park;21974292782;9817166119;presoff@msn.com;Bath Brae;122;15321;Ciliren
162;Rebecca Johnson;80511030842;7286992423;djpig@verizon.net;Silver Birch Barton;164;33846;Mylaerla
163;John Powers;39186485175;6058544239;singer@yahoo.ca;Black Ham Drove;138;72335;Ilythyrra
164;Jose Love;70210676575;4543172974;skippy@icloud.com;Sylvan Drive;212;79114;Ghothra
165;Danielle Long;69358231296;7468067996;jonadab@outlook.com;Parsons Down;78;73150;Oglekh
166;Dr. Jose Sherman;77854690254;4382464426;wbarker@optonline.net;Kirkstone Hey;277;46710;Pantelis
167;Julie Morales;58752481282;2769849527;yumpy@verizon.net;Mount Pleasant Hollow;185;61473;Numeria
168;Brittany Houston;76551208707;3729762781;chlim@yahoo.com;Harrington Gate;26;34293;Dagfynn
169;Christopher Hernandez;73858413599;3625965823;bartlett@hotmail.com;Stopps Orchard;80;42323;Salen
170;Blake Michael;33657872021;8304030000;ivoibs@live.com;Carey Downs;23;72729;Humber
171;Lisa Fields;67274482845;6249295864;stinson@aol.com;Overton Knoll;229;80933;Derval
172;Jane Payne;51541259657;7997290396;cyrus@comcast.net;The Old Well Close;108;86535;Vouvant
173;Derek Allen;18378853679;9282966326;thrymm@hotmail.com;Borough Haven;231;38618;Revel
174;Wesley Davis;76086096663;3633130507;osrin@msn.com;Heaton Gardens;70;84121;Lagrasse
175;Mrs. Samantha Murphy;66753150812;4164599567;nighthawk@outlook.com;March Drift;324;50075;Emden
176;Robin Smith;15186875232;6935847338;zwood@me.com;Hastings Hawthorns;120;12701;Belozersk
177;Linda Lewis;22570738523;2057171587;scarlet@optonline.net;Winters Close;287;54138;Nozulmi
178;Ryan Cook;28633033489;7742921879;isotopian@optonline.net;Kendal Avenue;9;48882;Gweyir
179;Chad Rivera;78936288213;8636408807;konst@gmail.com;Kildrummy Place;217;4110;Rellea
180;Timothy Rogers;97234884374;3142299448;shawnce@yahoo.ca;Moorfield Way;183;34789;Johanan
181;Jeanne Ruiz;52799085939;6598996674;jbryan@verizon.net;St Johns Parc;285;37146;Mallaig
182;Mary Freeman;99981956077;8859196291;kmself@yahoo.com;Waveney Link;273;90260;Falkirk
183;Eric Cox;57314127729;6003127585;jtorkbob@optonline.net;Pear Tree Broadway;53;12085;Nurburg
184;David Brown;88778701469;9552002304;scarlet@yahoo.ca;Parkfield Quadrant;203;60682;Emden
185;Nicole Patterson;86790249132;9299045857;crobles@aol.com;Clark Oval;147;29142;Khudealine
186;Natalie Hammond;14394994596;9834075008;killmenow@hotmail.com;Milkingpen Lane;27;16017;Tummoserd
187;Beth Parrish;48855460536;6447778273;mschwartz@mac.com;Walton Croft;211;48886;Naesala
188;Susan Martinez;54021294828;2714238718;yzheng@att.net;Manor Farm Gardens;144;98501;Amisra
189;Jane Patterson;93332080401;6415596703;hutton@optonline.net;Rutherford Drive;282;1330;Nuzairzad
190;Patrick Vazquez;96111664549;4897684547;hstiles@yahoo.ca;Scott Broadway;177;1020;Lysidamus
191;Antonio Hayes;94617876467;6618464299;paina@msn.com;Stanley Isaf;154;11575;Torgard
192;Brad Frank DVM;58108248488;7213386116;bester@msn.com;Harper Fold Road;83;13905;Ragnfast
193;Kristin Mckinney;61248655262;4009721086;mallanmba@outlook.com;Hutton Cliff;198;69130;Margate
194;Linda Snyder;88301352841;7642403583;mfleming@yahoo.ca;Barnes Birches;177;85251;Derval
195;Michael Morales;22485524595;6149843042;warrior@mac.com;Abbotts Dell;312;28254;Saluzzo
196;Gerald Krause;65227220504;3657439472;jramio@yahoo.ca;Clifton Lawn;124;27571;Marrees
197;Emily Owen;58450491496;8279204260;kildjean@optonline.net;Norton Barton;277;18643;Thukam
198;Mary Waters;46010172584;9999674293;gommix@att.net;Shawfield Crescent;173;79545;Forsumir
199;Heather Campbell;16969081458;7049441702;cgarcia@yahoo.ca;Davidson Oaks;224;80439;Lyari
200;Lauren Ortiz;89260207326;6949001001;arathi@live.com;Folly Rowans;84;50335;Rhedrise
201;April Hunter;41738648735;7228931231;nwiger@msn.com;Hastings Hawthorns;210;66830;Uvnume
